symbol,decision_date,direction,entry_date,entry_price,exit_date,exit_price,exit_reason,confidence,holding_days,gross_pnl_pct,cost_pct,pnl_pct,note
XOM,2015-01-05,1,2015-01-05,56.6962,2015-01-06,55.5512,regime,1.0,1,-0.0202,0.0014,-0.0216,regime
XOM,2015-01-06,-1,2015-01-06,55.5512,2015-01-09,56.8193,regime,1.0,3,-0.02283,0.00152,-0.02435,regime
XOM,2015-01-09,1,2015-01-09,56.8193,2015-01-15,55.6681,regime,1.0,4,-0.02026,0.0014,-0.02166,regime
XOM,2015-01-15,-1,2015-01-15,55.6681,2015-04-28,54.0962,regime,1.0,70,0.02824,0.00418,0.02406,regime
XOM,2015-04-28,1,2015-04-28,54.0962,2015-04-30,54.9955,regime,1.0,2,0.01662,0.0014,0.01522,regime
XOM,2015-04-30,-1,2015-04-30,54.9955,2015-06-03,53.2992,regime,1.0,23,0.03085,0.00231,0.02853,regime
XOM,2015-06-03,1,2015-06-03,53.2992,2015-06-15,52.2361,regime,1.0,8,-0.01995,0.0014,-0.02135,regime
XOM,2015-06-15,-1,2015-06-15,52.2361,2015-06-16,52.4112,regime,1.0,1,-0.00335,0.00144,-0.00479,regime
XOM,2015-06-16,1,2015-06-16,52.4112,2015-06-25,53.0615,regime,1.0,7,0.01241,0.0014,0.01101,regime
XOM,2015-06-25,-1,2015-06-25,53.0615,2015-06-29,51.9359,regime,1.0,2,0.02121,0.00148,0.01973,regime
XOM,2015-06-29,1,2015-06-29,51.9359,2015-06-30,52.3674,regime,1.0,1,0.00831,0.0014,0.00691,regime
XOM,2015-06-30,-1,2015-06-30,52.3674,2015-10-16,51.9232,regime,1.0,76,0.00848,0.00442,0.00407,regime
XOM,2015-10-16,1,2015-10-16,51.9232,2015-10-22,50.9259,regime,1.0,4,-0.01921,0.0014,-0.02061,regime
XOM,2015-10-22,-1,2015-10-22,50.9259,2015-10-23,52.0179,regime,1.0,1,-0.02144,0.00144,-0.02288,regime
XOM,2015-10-23,1,2015-10-23,52.0179,2016-01-05,49.1477,regime,1.0,49,-0.05518,0.0014,-0.05658,regime
XOM,2016-01-05,-1,2016-01-05,49.1477,2016-02-11,50.3326,regime,1.0,26,-0.02411,0.00243,-0.02654,regime
XOM,2016-02-11,1,2016-02-11,50.3326,2016-03-01,51.759,regime,1.0,12,0.02834,0.0014,0.02694,regime
XOM,2016-03-01,-1,2016-03-01,51.759,2016-03-02,52.0095,regime,1.0,1,-0.00484,0.00144,-0.00628,regime
XOM,2016-03-02,1,2016-03-02,52.0095,2016-08-02,56.01,regime,1.0,106,0.07692,0.0014,0.07552,regime
XOM,2016-08-02,-1,2016-08-02,56.01,2016-08-10,57.3567,regime,1.0,6,-0.02404,0.00164,-0.02568,regime
XOM,2016-08-10,1,2016-08-10,57.3567,2016-08-11,56.6445,regime,1.0,1,-0.01242,0.0014,-0.01382,regime
XOM,2016-08-11,-1,2016-08-11,56.6445,2016-08-30,57.4155,regime,1.0,13,-0.01361,0.00192,-0.01553,regime
XOM,2016-08-30,1,2016-08-30,57.4155,2016-08-31,56.9385,regime,1.0,1,-0.00831,0.0014,-0.00971,regime
XOM,2016-08-31,-1,2016-08-31,56.9385,2016-10-26,56.357,regime,1.0,39,0.01021,0.00295,0.00727,regime
XOM,2016-10-26,1,2016-10-26,56.357,2016-10-31,54.8084,regime,1.0,3,-0.02748,0.0014,-0.02888,regime
XOM,2016-10-31,-1,2016-10-31,54.8084,2016-11-25,57.1592,regime,1.0,18,-0.04289,0.00211,-0.04501,regime
XOM,2016-11-25,1,2016-11-25,57.1592,2016-11-30,57.7459,regime,1.0,3,0.01026,0.0014,0.00886,regime
XOM,2016-11-30,-1,2016-11-30,57.7459,2016-12-06,57.5284,regime,1.0,4,0.00377,0.00156,0.00221,regime
XOM,2016-12-06,1,2016-12-06,57.5284,2017-01-19,56.6714,regime,1.0,29,-0.0149,0.0014,-0.0163,regime
XOM,2017-01-19,-1,2017-01-19,56.6714,2017-01-27,56.2298,regime,1.0,6,0.00779,0.00164,0.00616,regime
XOM,2017-01-27,1,2017-01-27,56.2298,2017-02-06,55.0762,regime,1.0,6,-0.02052,0.0014,-0.02192,regime
XOM,2017-02-06,-1,2017-02-06,55.0762,2017-05-04,54.7416,regime,1.0,61,0.00607,0.00382,0.00225,regime
XOM,2017-05-04,1,2017-05-04,54.7416,2017-05-05,54.3026,regime,1.0,1,-0.00802,0.0014,-0.00942,regime
XOM,2017-05-05,-1,2017-05-05,54.3026,2017-05-08,54.5487,regime,1.0,1,-0.00453,0.00144,-0.00597,regime
XOM,2017-05-08,1,2017-05-08,54.5487,2017-05-10,55.1444,regime,1.0,2,0.01092,0.0014,0.00952,regime
XOM,2017-05-10,-1,2017-05-10,55.1444,2017-05-12,55.3257,regime,1.0,2,-0.00329,0.00148,-0.00477,regime
XOM,2017-05-12,1,2017-05-12,55.3257,2017-05-26,54.8019,regime,1.0,10,-0.00947,0.0014,-0.01087,regime
XOM,2017-05-26,-1,2017-05-26,54.8019,2017-06-07,54.4259,regime,1.0,7,0.00686,0.00168,0.00518,regime
XOM,2017-06-07,1,2017-06-07,54.4259,2017-06-27,54.6945,regime,1.0,14,0.00494,0.0014,0.00354,regime
XOM,2017-06-27,-1,2017-06-27,54.6945,2017-06-29,54.6408,regime,1.0,2,0.00098,0.00148,-0.0005,regime
XOM,2017-06-29,1,2017-06-29,54.6408,2017-06-30,54.446,regime,1.0,1,-0.00356,0.0014,-0.00496,regime
XOM,2017-06-30,-1,2017-06-30,54.446,2017-07-13,54.3721,regime,1.0,8,0.00136,0.00172,-0.00036,regime
XOM,2017-07-13,1,2017-07-13,54.3721,2017-07-21,54.1573,regime,1.0,6,-0.00395,0.0014,-0.00535,regime
XOM,2017-07-21,-1,2017-07-21,54.1573,2017-09-21,54.5737,regime,1.0,43,-0.00769,0.00311,-0.0108,regime
XOM,2017-09-21,1,2017-09-21,54.5737,2017-09-22,54.0517,regime,1.0,1,-0.00957,0.0014,-0.01097,regime
XOM,2017-09-22,-1,2017-09-22,54.0517,2017-09-26,54.7229,regime,1.0,2,-0.01242,0.00148,-0.0139,regime
XOM,2017-09-26,1,2017-09-26,54.7229,2018-02-06,53.7239,regime,1.0,91,-0.01826,0.0014,-0.01966,regime
XOM,2018-02-06,-1,2018-02-06,53.7239,2018-05-07,53.741,regime,1.0,62,-0.00032,0.00386,-0.00418,regime
XOM,2018-05-07,1,2018-05-07,53.741,2018-08-07,56.4993,regime,1.0,64,0.05133,0.0014,0.04993,regime
XOM,2018-08-07,-1,2018-08-07,56.4993,2018-08-22,55.8122,regime,1.0,11,0.01216,0.00184,0.01033,regime
XOM,2018-08-22,1,2018-08-22,55.8122,2018-08-24,56.1014,regime,1.0,2,0.00518,0.0014,0.00378,regime
XOM,2018-08-24,-1,2018-08-24,56.1014,2018-08-29,56.7505,regime,1.0,3,-0.01157,0.00152,-0.01309,regime
XOM,2018-08-29,1,2018-08-29,56.7505,2018-08-31,56.6094,regime,1.0,2,-0.00249,0.0014,-0.00389,regime
XOM,2018-08-31,-1,2018-08-31,56.6094,2018-09-10,58.0204,regime,1.0,5,-0.02493,0.0016,-0.02652,regime
XOM,2018-09-10,1,2018-09-10,58.0204,2018-10-18,57.2866,regime,1.0,28,-0.01265,0.0014,-0.01405,regime
XOM,2018-10-18,-1,2018-10-18,57.2866,2018-10-23,56.4824,regime,1.0,3,0.01404,0.00152,0.01252,regime
XOM,2018-10-23,1,2018-10-23,56.4824,2018-10-24,56.5318,regime,1.0,1,0.00087,0.0014,-0.00053,regime
XOM,2018-10-24,-1,2018-10-24,56.5318,2018-11-02,57.6817,regime,1.0,7,-0.02034,0.00168,-0.02202,regime
XOM,2018-11-02,1,2018-11-02,57.6817,2018-11-14,56.1998,regime,1.0,8,-0.02569,0.0014,-0.02709,regime
XOM,2018-11-14,-1,2018-11-14,56.1998,2018-11-19,55.9147,regime,1.0,3,0.00507,0.00152,0.00355,regime
XOM,2018-11-19,1,2018-11-19,55.9147,2018-11-21,55.1807,regime,1.0,2,-0.01313,0.0014,-0.01453,regime
XOM,2018-11-21,-1,2018-11-21,55.1807,2018-12-04,57.9956,regime,1.0,8,-0.05101,0.00172,-0.05273,regime
XOM,2018-12-04,1,2018-12-04,57.9956,2018-12-06,55.5869,regime,1.0,1,-0.04153,0.0014,-0.04293,regime
XOM,2018-12-06,-1,2018-12-06,55.5869,2019-02-21,56.3553,regime,1.0,51,-0.01382,0.00342,-0.01725,regime
XOM,2019-02-21,1,2019-02-21,56.3553,2019-03-05,57.7316,regime,1.0,8,0.02442,0.0014,0.02302,regime
XOM,2019-03-05,-1,2019-03-05,57.7316,2019-03-06,56.8165,regime,1.0,1,0.01585,0.00144,0.01441,regime
XOM,2019-03-06,1,2019-03-06,56.8165,2019-05-15,55.0772,regime,1.0,49,-0.03061,0.0014,-0.03201,regime
XOM,2019-05-15,-1,2019-05-15,55.0772,2019-11-05,53.1573,regime,1.0,121,0.03486,0.0062,0.02866,regime
XOM,2019-11-05,1,2019-11-05,53.1573,2019-11-15,51.3116,regime,1.0,8,-0.03472,0.0014,-0.03612,regime
XOM,2019-11-15,-1,2019-11-15,51.3116,2019-11-18,51.3041,regime,1.0,1,0.00015,0.00144,-0.00129,regime
XOM,2019-11-18,1,2019-11-18,51.3041,2019-12-02,51.1547,regime,1.0,9,-0.00291,0.0014,-0.00431,regime
XOM,2019-12-02,-1,2019-12-02,51.1547,2019-12-26,52.4168,regime,1.0,17,-0.02467,0.00207,-0.02675,regime
XOM,2019-12-26,1,2019-12-26,52.4168,2020-01-22,50.4528,regime,1.0,17,-0.03747,0.0014,-0.03887,regime
XOM,2020-01-22,-1,2020-01-22,50.4528,2020-06-03,37.0653,regime,1.0,92,0.26535,0.00505,0.2603,regime
XOM,2020-06-03,1,2020-06-03,37.0653,2020-07-10,31.7526,regime,1.0,26,-0.14333,0.0014,-0.14473,regime
XOM,2020-07-10,-1,2020-07-10,31.7526,2020-07-13,33.1889,regime,1.0,1,-0.04523,0.00144,-0.04667,regime
XOM,2020-07-13,1,2020-07-13,33.1889,2020-07-21,33.3201,regime,1.0,6,0.00396,0.0014,0.00256,regime
XOM,2020-07-21,-1,2020-07-21,33.3201,2020-07-22,34.0924,regime,1.0,1,-0.02318,0.00144,-0.02462,regime
XOM,2020-07-22,1,2020-07-22,34.0924,2020-07-24,33.8838,regime,1.0,2,-0.00612,0.0014,-0.00752,regime
XOM,2020-07-24,-1,2020-07-24,33.8838,2020-07-29,33.7526,regime,1.0,3,0.00387,0.00152,0.00236,regime
XOM,2020-07-29,1,2020-07-29,33.7526,2020-07-31,31.7835,regime,1.0,2,-0.05834,0.0014,-0.05974,regime
XOM,2020-07-31,-1,2020-07-31,31.7835,2020-08-10,33.9688,regime,1.0,6,-0.06876,0.00164,-0.07039,regime
XOM,2020-08-10,1,2020-08-10,33.9688,2020-08-13,34.2531,regime,1.0,3,0.00837,0.0014,0.00697,regime
XOM,2020-08-13,-1,2020-08-13,34.2531,2020-11-25,33.6037,regime,1.0,73,0.01896,0.0043,0.01466,regime
XOM,2020-11-25,1,2020-11-25,33.6037,2020-12-01,31.4183,regime,1.0,3,-0.06503,0.0014,-0.06643,regime
XOM,2020-12-01,-1,2020-12-01,31.4183,2020-12-02,30.9586,regime,1.0,1,0.01463,0.00144,0.01319,regime
XOM,2020-12-02,1,2020-12-02,30.9586,2021-07-26,47.561,regime,1.0,161,0.53627,0.0014,0.53487,regime
XOM,2021-07-26,-1,2021-07-26,47.561,2021-07-27,48.2682,regime,1.0,1,-0.01487,0.00144,-0.01631,regime
XOM,2021-07-27,1,2021-07-27,48.2682,2021-08-02,47.8855,regime,1.0,4,-0.00793,0.0014,-0.00933,regime
XOM,2021-08-02,-1,2021-08-02,47.8855,2021-10-04,51.7946,regime,1.0,44,-0.08164,0.00315,-0.08478,regime
XOM,2021-10-04,1,2021-10-04,51.7946,2021-12-31,51.9942,regime,1.0,62,0.00385,0.0014,0.00245,regime
XOM,2021-12-31,-1,2021-12-31,51.9942,2022-01-03,52.4222,regime,1.0,1,-0.00823,0.00144,-0.00967,regime
XOM,2022-01-03,1,2022-01-03,52.4222,2022-07-07,74.6536,regime,1.0,127,0.42408,0.0014,0.42268,regime
XOM,2022-07-07,-1,2022-07-07,74.6536,2022-07-11,74.4699,regime,1.0,2,0.00246,0.00148,0.00098,regime
XOM,2022-07-11,1,2022-07-11,74.4699,2022-07-13,72.9048,regime,1.0,2,-0.02102,0.0014,-0.02242,regime
XOM,2022-07-13,-1,2022-07-13,72.9048,2022-07-20,76.5772,regime,1.0,5,-0.05037,0.0016,-0.05197,regime
XOM,2022-07-20,1,2022-07-20,76.5772,2022-08-23,84.3576,regime,1.0,24,0.1016,0.0014,0.1002,regime
XOM,2022-08-23,-1,2022-08-23,84.3576,2022-08-24,86.5295,regime,1.0,1,-0.02575,0.00144,-0.02719,regime
XOM,2022-08-24,1,2022-08-24,86.5295,2022-08-31,83.0157,regime,1.0,5,-0.04061,0.0014,-0.04201,regime
XOM,2022-08-31,-1,2022-08-31,83.0157,2022-09-12,86.2116,regime,1.0,7,-0.0385,0.00168,-0.04018,regime
XOM,2022-09-12,1,2022-09-12,86.2116,2022-09-23,77.2506,regime,1.0,9,-0.10394,0.0014,-0.10534,regime
XOM,2022-09-23,-1,2022-09-23,77.2506,2022-09-29,77.8509,regime,1.0,4,-0.00777,0.00156,-0.00933,regime
XOM,2022-09-29,1,2022-09-29,77.8509,2023-02-03,99.5878,regime,1.0,87,0.27921,0.0014,0.27781,regime
XOM,2023-02-03,-1,2023-02-03,99.5878,2023-02-08,102.3912,regime,1.0,3,-0.02815,0.00152,-0.02967,regime
XOM,2023-02-08,1,2023-02-08,102.3912,2023-02-22,99.0806,regime,1.0,9,-0.03233,0.0014,-0.03373,regime
XOM,2023-02-22,-1,2023-02-22,99.0806,2023-02-27,99.3676,regime,1.0,3,-0.0029,0.00152,-0.00442,regime
XOM,2023-02-27,1,2023-02-27,99.3676,2023-03-01,98.0313,regime,1.0,2,-0.01345,0.0014,-0.01485,regime
XOM,2023-03-01,-1,2023-03-01,98.0313,2023-03-02,99.2061,regime,1.0,1,-0.01198,0.00144,-0.01342,regime
XOM,2023-03-02,1,2023-03-02,99.2061,2023-03-16,88.8838,regime,1.0,10,-0.10405,0.0014,-0.10545,regime
XOM,2023-03-16,-1,2023-03-16,88.8838,2023-03-31,98.3631,regime,1.0,11,-0.10665,0.00184,-0.10849,regime
XOM,2023-03-31,1,2023-03-31,98.3631,2023-05-03,97.8251,regime,1.0,22,-0.00547,0.0014,-0.00687,regime
XOM,2023-05-03,-1,2023-05-03,97.8251,2023-06-08,98.3935,regime,1.0,25,-0.00581,0.00239,-0.0082,regime
XOM,2023-06-08,1,2023-06-08,98.3935,2023-06-16,96.2134,regime,1.0,6,-0.02216,0.0014,-0.02356,regime
XOM,2023-06-16,-1,2023-06-16,96.2134,2023-06-20,94.6936,regime,1.0,1,0.0158,0.00144,0.01436,regime
XOM,2023-06-20,1,2023-06-20,94.6936,2023-06-23,92.803,regime,1.0,3,-0.01997,0.0014,-0.02137,regime
XOM,2023-06-23,-1,2023-06-23,92.803,2023-08-01,96.7471,regime,1.0,26,-0.0425,0.00243,-0.04493,regime
XOM,2023-08-01,1,2023-08-01,96.7471,2023-08-03,95.7882,regime,1.0,2,-0.00991,0.0014,-0.01131,regime
XOM,2023-08-03,-1,2023-08-03,95.7882,2023-08-08,95.9239,regime,1.0,3,-0.00142,0.00152,-0.00294,regime
XOM,2023-08-08,1,2023-08-08,95.9239,2023-10-30,96.4366,regime,1.0,58,0.00535,0.0014,0.00395,regime
XOM,2023-10-30,-1,2023-10-30,96.4366,2023-11-03,98.8626,regime,1.0,4,-0.02516,0.00156,-0.02671,regime
XOM,2023-11-03,1,2023-11-03,98.8626,2023-11-06,98.6528,regime,1.0,1,-0.00212,0.0014,-0.00352,regime
XOM,2023-11-06,-1,2023-11-06,98.6528,2024-01-31,96.3981,regime,1.0,58,0.02285,0.0037,0.01915,regime
XOM,2024-01-31,1,2024-01-31,96.3981,2024-02-01,95.3213,regime,1.0,1,-0.01117,0.0014,-0.01257,regime
XOM,2024-02-01,-1,2024-02-01,95.3213,2024-02-07,94.1065,regime,1.0,4,0.01275,0.00156,0.01119,regime
XOM,2024-02-07,1,2024-02-07,94.1065,2024-02-12,94.0236,regime,1.0,3,-0.00088,0.0014,-0.00228,regime
XOM,2024-02-12,-1,2024-02-12,94.0236,2024-02-20,96.458,regime,1.0,5,-0.02589,0.0016,-0.02749,regime
XOM,2024-02-20,1,2024-02-20,96.458,2024-02-21,95.6963,regime,1.0,1,-0.0079,0.0014,-0.0093,regime
XOM,2024-02-21,-1,2024-02-21,95.6963,2024-02-22,96.7553,regime,1.0,1,-0.01107,0.00144,-0.01251,regime
XOM,2024-02-22,1,2024-02-22,96.7553,2024-06-13,103.7967,regime,1.0,78,0.07278,0.0014,0.07138,regime
XOM,2024-06-13,-1,2024-06-13,103.7967,2024-06-25,106.8589,regime,1.0,7,-0.0295,0.00168,-0.03118,regime
XOM,2024-06-25,1,2024-06-25,106.8589,2024-06-26,107.1211,regime,1.0,1,0.00245,0.0014,0.00105,regime
XOM,2024-06-26,-1,2024-06-26,107.1211,2024-07-29,109.8649,regime,1.0,22,-0.02561,0.00227,-0.02789,regime
XOM,2024-07-29,1,2024-07-29,109.8649,2024-08-06,107.1773,regime,1.0,6,-0.02446,0.0014,-0.02586,regime
XOM,2024-08-06,-1,2024-08-06,107.1773,2024-08-09,110.3987,regime,1.0,3,-0.03006,0.00152,-0.03158,regime
XOM,2024-08-09,1,2024-08-09,110.3987,2024-08-14,110.5953,regime,1.0,3,0.00178,0.0014,0.00038,regime
XOM,2024-08-14,-1,2024-08-14,110.5953,2024-08-16,111.3819,regime,1.0,2,-0.00711,0.00148,-0.00859,regime
XOM,2024-08-16,1,2024-08-16,111.3819,2024-09-27,107.3888,regime,1.0,29,-0.03585,0.0014,-0.03725,regime
XOM,2024-09-27,-1,2024-09-27,107.3888,2024-09-30,108.9936,regime,1.0,1,-0.01494,0.00144,-0.01638,regime
XOM,2024-09-30,1,2024-09-30,108.9936,2024-11-04,109.5694,regime,1.0,25,0.00528,0.0014,0.00388,regime
XOM,2024-11-04,-1,2024-11-04,109.5694,2024-11-05,112.4108,regime,1.0,1,-0.02593,0.00144,-0.02737,regime
XOM,2024-11-05,1,2024-11-05,112.4108,2024-12-12,106.2059,regime,1.0,26,-0.0552,0.0014,-0.0566,regime
XOM,2024-12-12,-1,2024-12-12,106.2059,2025-03-17,107.3575,regime,1.0,62,-0.01084,0.00386,-0.0147,regime
XOM,2025-03-17,1,2025-03-17,107.3575,2025-04-07,96.4009,regime,1.0,15,-0.10206,0.0014,-0.10346,regime
XOM,2025-04-07,-1,2025-04-07,96.4009,2025-04-23,104.4864,regime,1.0,11,-0.08387,0.00184,-0.08571,regime
XOM,2025-04-23,1,2025-04-23,104.4864,2025-04-24,103.6797,regime,1.0,1,-0.00772,0.0014,-0.00912,regime
XOM,2025-04-24,-1,2025-04-24,103.6797,2025-04-25,103.843,regime,1.0,1,-0.00157,0.00144,-0.00301,regime
XOM,2025-04-25,1,2025-04-25,103.843,2025-05-01,100.9238,regime,1.0,4,-0.02811,0.0014,-0.02951,regime
XOM,2025-05-01,-1,2025-05-01,100.9238,2025-05-13,104.9761,regime,1.0,8,-0.04015,0.00172,-0.04187,regime
XOM,2025-05-13,1,2025-05-13,104.9761,2025-05-15,103.2004,regime,1.0,2,-0.01692,0.0014,-0.01832,regime
XOM,2025-05-15,-1,2025-05-15,103.2004,2025-07-03,107.4354,regime,1.0,33,-0.04104,0.00271,-0.04375,regime
XOM,2025-07-03,1,2025-07-03,107.4354,2025-08-08,103.2101,regime,1.0,25,-0.03933,0.0014,-0.04073,regime
XOM,2025-08-08,-1,2025-08-08,103.2101,2025-08-15,103.8672,regime,1.0,5,-0.00637,0.0016,-0.00797,regime
XOM,2025-08-15,1,2025-08-15,103.8672,2025-09-15,109.7262,regime,1.0,20,0.05641,0.0014,0.05501,regime
XOM,2025-09-15,-1,2025-09-15,109.7262,2025-09-16,110.4892,regime,1.0,1,-0.00695,0.00144,-0.00839,regime
XOM,2025-09-16,1,2025-09-16,110.4892,2025-10-02,109.5208,regime,1.0,12,-0.00876,0.0014,-0.01016,regime
XOM,2025-10-02,-1,2025-10-02,109.5208,2025-10-08,111.8781,regime,1.0,4,-0.02152,0.00156,-0.02308,regime
XOM,2025-10-08,1,2025-10-08,111.8781,2026-05-07,145.8103,regime,1.0,145,0.3033,0.0014,0.3019,regime
XOM,2026-05-07,-1,2026-05-07,145.8103,2026-05-13,149.0483,regime,1.0,4,-0.02221,0.00156,-0.02377,regime
XOM,2026-05-13,1,2026-05-13,149.0483,2026-05-27,147.23,regime,1.0,9,-0.0122,0.0014,-0.0136,regime
XOM,2026-05-27,-1,2026-05-27,147.23,2026-06-04,152.05,regime,1.0,6,-0.03274,0.00164,-0.03438,regime
XOM,2026-06-04,1,2026-06-04,152.05,2026-06-05,149.92,final,1.0,1,-0.01401,0.0014,-0.01541,regime
