strategy,direction,exit,symbol,n_trades,total_return,buy_hold,excess_return,sharpe,win_rate,avg_pnl_pct,max_dd,n_long,n_short
donchian_20_10,long_flat,regime,GOOGL,57,0.38705717605438705,13.0336470477322,-12.646589871677813,1.6663975873077488,0.43859649122807015,0.009527894736842107,0.4020534365466941,57,0
donchian_20_10,long_flat,regime,XOM,45,0.7801327954058697,1.6234763470017382,-0.8433435515958685,3.1455937914815664,0.35555555555555557,0.015629333333333335,0.231771950627857,45,0
donchian_20_10,long_flat,regime,JNJ,50,0.3197936009024669,2.058300781064007,-1.73850718016154,1.9556821157866253,0.44,0.007119399999999999,0.24367114334674847,50,0
donchian_20_10,long_flat,trailing,GOOGL,57,0.7335813221812193,13.0336470477322,-12.300065725550981,2.3745601630185167,0.45614035087719296,0.013299473684210524,0.38794130422435497,57,0
donchian_20_10,long_flat,trailing,XOM,45,0.5149133581223779,1.6234763470017382,-1.1085629888793602,2.6213113155797,0.4,0.011427999999999995,0.2897766904735212,45,0
donchian_20_10,long_flat,trailing,JNJ,50,0.1278350878986103,2.058300781064007,-1.9304656931653965,1.1211367543708937,0.4,0.0036494000000000006,0.23740360634941785,50,0
donchian_20_10,long_short,regime,GOOGL,99,-0.6790793605375562,13.0336470477322,-13.712726408269758,-1.6486211214586708,0.31313131313131315,-0.00837878787878788,0.7815185797546393,57,42
donchian_20_10,long_short,regime,XOM,87,0.12761194955029453,1.6234763470017382,-1.4958643974514436,0.8188456291353304,0.3333333333333333,0.003953678160919539,0.534297843248588,45,42
donchian_20_10,long_short,regime,JNJ,99,-0.5105526073232856,2.058300781064007,-2.5688533883872924,-1.9266956103668733,0.3434343434343434,-0.00601808080808081,0.640180179513096,50,49
donchian_20_10,long_short,trailing,GOOGL,99,-0.5104279524856095,13.0336470477322,-13.54407500021781,-0.8982287651093863,0.3434343434343434,-0.004392626262626262,0.7390392141185728,57,42
donchian_20_10,long_short,trailing,XOM,87,-0.08811871413336225,1.6234763470017382,-1.7115950611351005,0.17730600621258252,0.3563218390804598,0.0006871264367816092,0.5568028927284742,45,42
donchian_20_10,long_short,trailing,JNJ,99,-0.5689834575665299,2.058300781064007,-2.6272842386305366,-2.715865776077456,0.31313131313131315,-0.007541414141414141,0.6217844575285645,50,49
donchian_55_20,long_flat,regime,GOOGL,26,0.9050540878673718,13.0336470477322,-12.128592959864829,4.423629964083788,0.5769230769230769,0.030375384615384617,0.3011834434516174,26,0
donchian_55_20,long_flat,regime,XOM,20,0.8654916473380492,1.6234763470017382,-0.757984699663689,4.156036572001009,0.45,0.04167,0.19096308725566008,20,0
donchian_55_20,long_flat,regime,JNJ,26,0.31236082513823415,2.058300781064007,-1.7459399559257727,2.528811741288041,0.46153846153846156,0.01373846153846154,0.29252059811513476,26,0
donchian_55_20,long_flat,trailing,GOOGL,26,0.24043054287687693,13.0336470477322,-12.793216504855323,2.331241605886345,0.46153846153846156,0.010810769230769231,0.17231026518038778,26,0
donchian_55_20,long_flat,trailing,XOM,20,0.4709084312632521,1.6234763470017382,-1.152567915738486,5.139910655968357,0.5,0.0214275,0.09544532638026004,20,0
donchian_55_20,long_flat,trailing,JNJ,26,0.38079201300162846,2.058300781064007,-1.6775087680623784,3.837071385765727,0.5,0.014042692307692308,0.24089198960026037,26,0
donchian_55_20,long_short,regime,GOOGL,42,-0.2719686269370981,13.0336470477322,-13.3056156746693,-0.4203229442875974,0.42857142857142855,-0.0027095238095238084,0.4950708870950213,26,16
donchian_55_20,long_short,regime,XOM,40,0.14728916401938918,1.6234763470017382,-1.476187182982349,1.283361799514299,0.325,0.010685249999999997,0.514135492253899,20,20
donchian_55_20,long_short,regime,JNJ,47,-0.44933666639917924,2.058300781064007,-2.507637447463186,-2.2080890970241085,0.3404255319148936,-0.010195319148936169,0.6198655591367769,26,21
donchian_55_20,long_short,trailing,GOOGL,42,-0.43380156205202647,13.0336470477322,-13.467448609784228,-2.2929618715972766,0.35714285714285715,-0.010754285714285713,0.5867711779271445,26,16
donchian_55_20,long_short,trailing,XOM,40,0.09523471248572091,1.6234763470017382,-1.5282416345160172,1.0332274516271407,0.375,0.004156250000000001,0.2798877845520766,20,20
donchian_55_20,long_short,trailing,JNJ,47,-0.26569678812453135,2.058300781064007,-2.3239975691885384,-1.6180779259852083,0.3617021276595745,-0.005279787234042556,0.45719193564547034,26,21
ma_cross_20_100,long_flat,regime,GOOGL,18,4.403447267168544,13.0336470477322,-8.630199780563657,7.6030406549209575,0.5,0.12005277777777776,0.11837587109999999,18,0
ma_cross_20_100,long_flat,regime,XOM,22,0.7061473357658934,1.6234763470017382,-0.9173290112358448,3.3175190107397303,0.2727272727272727,0.036710454545454546,0.2929552623349511,22,0
ma_cross_20_100,long_flat,regime,JNJ,18,0.23040599623179414,2.058300781064007,-1.8278947848322127,2.3500775669520366,0.2777777777777778,0.017052222222222226,0.27061197887299754,18,0
ma_cross_20_100,long_flat,trailing,GOOGL,18,-0.019991299955838482,13.0336470477322,-13.05363834768804,0.12211949063535804,0.3888888888888889,0.0004505555555555567,0.18879290592365935,18,0
ma_cross_20_100,long_flat,trailing,XOM,22,-0.08218391321097474,1.6234763470017382,-1.7056602602127129,-0.7509592478659582,0.36363636363636365,-0.0025472727272727257,0.19023388497688892,22,0
ma_cross_20_100,long_flat,trailing,JNJ,18,0.20095607631890022,2.058300781064007,-1.8573447047451066,2.75935600587326,0.4444444444444444,0.012414444444444443,0.0871375975783208,18,0
ma_cross_20_100,long_short,regime,GOOGL,36,0.6283056197159547,13.0336470477322,-12.405341428016246,2.288447768213071,0.3333333333333333,0.029816111111111113,0.5346417242986888,18,18
ma_cross_20_100,long_short,regime,XOM,44,-0.12123313716781026,1.6234763470017382,-1.7447094841695483,0.5819530842399356,0.2727272727272727,0.005143181818181819,0.6018747026617264,22,22
ma_cross_20_100,long_short,regime,JNJ,36,-0.5682514343991101,2.058300781064007,-2.626552215463117,-3.2015449628396766,0.16666666666666666,-0.019092777777777778,0.6981905667185142,18,18
ma_cross_20_100,long_short,trailing,GOOGL,36,-0.422476497071701,13.0336470477322,-13.456123544803901,-3.6627389400350485,0.3611111111111111,-0.013447777777777779,0.5159931560298789,18,18
ma_cross_20_100,long_short,trailing,XOM,44,-0.2993851024641926,1.6234763470017382,-1.9228614494659308,-1.8041255193028116,0.3181818181818182,-0.006505227272727273,0.41058510666397174,22,22
ma_cross_20_100,long_short,trailing,JNJ,36,-0.1574663070820035,2.058300781064007,-2.21576708814601,-0.8881484004477017,0.3611111111111111,-0.003236388888888888,0.30321539220028654,18,18
ma_cross_50_200,long_flat,regime,GOOGL,8,6.500266393696919,13.0336470477322,-6.533380654035281,14.582064775871812,0.75,0.32520375,0.03624999999999997,8,0
ma_cross_50_200,long_flat,regime,XOM,10,0.9700035202573418,1.6234763470017382,-0.6534728267443963,4.396881218372775,0.3,0.13072599999999995,0.33141154978797055,10,0
ma_cross_50_200,long_flat,regime,JNJ,13,0.2399758034794912,2.058300781064007,-1.8183249775845156,2.5643550384272302,0.3076923076923077,0.02876461538461539,0.37991669150823426,13,0
ma_cross_50_200,long_flat,trailing,GOOGL,8,0.579711781498643,13.0336470477322,-12.453935266233557,5.499079091946829,0.375,0.0738475,0.11052594051439003,8,0
ma_cross_50_200,long_flat,trailing,XOM,10,-0.07915255537017618,1.6234763470017382,-1.7026289023719143,-2.9303006611597313,0.3,-0.007486000000000002,0.17004187108712224,10,0
ma_cross_50_200,long_flat,trailing,JNJ,13,0.061097877997494665,2.058300781064007,-1.9972029030665122,1.3515633411144923,0.3076923076923077,0.008122307692307694,0.1717983411643679,13,0
ma_cross_50_200,long_short,regime,GOOGL,16,1.98969091554092,13.0336470477322,-11.04395613219128,5.304523729882099,0.4375,0.1145275,0.37019,8,8
ma_cross_50_200,long_short,regime,XOM,20,0.11739506320945559,1.6234763470017382,-1.5060812837922826,1.913389866494032,0.25,0.042391500000000006,0.5892921286140849,10,10
ma_cross_50_200,long_short,regime,JNJ,25,-0.556901241680944,2.058300781064007,-2.615202022744951,-2.740328610144095,0.16,-0.024178399999999992,0.7343921280216054,13,12
ma_cross_50_200,long_short,trailing,GOOGL,16,-0.07865384111486196,13.0336470477322,-13.112300888847063,0.4592356202114447,0.25,0.00476625,0.42020275811049723,8,8
ma_cross_50_200,long_short,trailing,XOM,20,-0.31100875274016004,1.6234763470017382,-1.9344850997418983,-7.431149626630848,0.2,-0.0177735,0.35819603541081413,10,10
ma_cross_50_200,long_short,trailing,JNJ,25,-0.12774442374195927,2.058300781064007,-2.186045204805966,-0.8075606429836001,0.24,-0.003515999999999999,0.3191923853915716,13,12
tsmom_60,long_flat,regime,GOOGL,68,4.695034426921903,13.0336470477322,-8.338612620810299,3.5348204409808397,0.45588235294117646,0.03365073529411764,0.23762896550353657,68,0
tsmom_60,long_flat,regime,XOM,81,0.15044386893063733,1.6234763470017382,-1.4730324780711008,0.9093065433320892,0.30864197530864196,0.00554320987654321,0.42803347826479216,81,0
tsmom_60,long_flat,regime,JNJ,72,0.543247866884216,2.058300781064007,-1.5150529141797908,1.8212582652001934,0.375,0.008005138888888888,0.21960175706690133,72,0
tsmom_60,long_flat,trailing,GOOGL,68,2.0009126907422083,13.0336470477322,-11.032734356989993,2.819836725746494,0.4117647058823529,0.021255,0.25285762639881887,68,0
tsmom_60,long_flat,trailing,XOM,81,0.11924778203514785,1.6234763470017382,-1.5042285649665903,0.7913936143665725,0.3950617283950617,0.002800617283950617,0.2777251094404091,81,0
tsmom_60,long_flat,trailing,JNJ,72,0.8653320999032876,2.058300781064007,-1.1929686811607192,2.836363539595397,0.4305555555555556,0.010090972222222222,0.17625186425214626,72,0
tsmom_60,long_short,regime,GOOGL,136,0.9962822107405986,13.0336470477322,-12.037364836991602,1.3454923635763985,0.33088235294117646,0.00950985294117647,0.2701061179889828,68,68
tsmom_60,long_short,regime,XOM,161,-0.5853738841389146,1.6234763470017382,-2.208850231140653,-0.6708401990431123,0.2919254658385093,-0.0031464596273291915,0.665786169861892,81,80
tsmom_60,long_short,regime,JNJ,144,-0.3104819601455433,2.058300781064007,-2.36878274120955,-0.3782129229557908,0.3541666666666667,-0.0013016666666666678,0.5806252997555691,72,72
tsmom_60,long_short,trailing,GOOGL,136,0.43996371795514744,13.0336470477322,-12.593683329777054,0.9840748735187029,0.3235294117647059,0.005468014705882354,0.4703012765050861,68,68
tsmom_60,long_short,trailing,XOM,161,-0.4694002910934264,1.6234763470017382,-2.0928766380951647,-0.9416202131674231,0.35403726708074534,-0.002863664596273292,0.5583663450962228,81,80
tsmom_60,long_short,trailing,JNJ,144,0.10349663327757486,2.058300781064007,-1.954804147786432,0.5598664099399961,0.3958333333333333,0.0015470138888888884,0.41739419970823854,72,72
tsmom_120,long_flat,regime,GOOGL,46,3.542049640365544,13.0336470477322,-9.491597407366656,3.7827708342334736,0.43478260869565216,0.047048478260869574,0.29360078227157244,46,0
tsmom_120,long_flat,regime,XOM,69,0.3179453500170504,1.6234763470017382,-1.3055309969846878,1.1920289757497051,0.2898550724637681,0.00906057971014493,0.40718114227688257,69,0
tsmom_120,long_flat,regime,JNJ,86,-0.02438662425962468,2.058300781064007,-2.0826874053236315,0.3845068370291553,0.313953488372093,0.001720930232558139,0.459874365348508,86,0
tsmom_120,long_flat,trailing,GOOGL,46,1.0189878038853295,13.0336470477322,-12.014659243846872,2.9446024261094617,0.45652173913043476,0.019804565217391303,0.14577284662478732,46,0
tsmom_120,long_flat,trailing,XOM,69,-0.3088483755948105,1.6234763470017382,-1.9323247225965487,-1.358480465879119,0.30434782608695654,-0.004251159420289855,0.3785602552127621,69,0
tsmom_120,long_flat,trailing,JNJ,86,0.021139995015062585,2.058300781064007,-2.0371607860489442,0.3660999015943751,0.3488372093023256,0.0008133720930232566,0.2913916293696376,86,0
tsmom_120,long_short,regime,GOOGL,92,0.17181965381594466,13.0336470477322,-12.861827393916256,1.0436204300592666,0.30434782608695654,0.009835869565217394,0.6176236486807355,46,46
tsmom_120,long_short,regime,XOM,138,-0.5653438881793709,1.6234763470017382,-2.188820235181109,-0.3799864182802403,0.2536231884057971,-0.002358478260869567,0.7230669593584957,69,69
tsmom_120,long_short,regime,JNJ,171,-0.7199072550548827,2.058300781064007,-2.7782080361188894,-1.835798223532981,0.28654970760233917,-0.006220526315789473,0.8169086429616212,86,85
tsmom_120,long_short,trailing,GOOGL,92,-0.456767996815305,13.0336470477322,-13.490415044547506,-0.696674915478755,0.32608695652173914,-0.0037013043478260886,0.6604388845014879,46,46
tsmom_120,long_short,trailing,XOM,138,-0.7036341307180569,1.6234763470017382,-2.327110477719795,-3.1229914466618114,0.2753623188405797,-0.008015652173913044,0.7411865622582189,69,69
tsmom_120,long_short,trailing,JNJ,171,-0.5508462769216885,2.058300781064007,-2.6091470579856955,-2.341800203540351,0.3391812865497076,-0.0042744444444444436,0.5692947756334183,86,85
dual_momentum_90,rotation,monthly,PORTFOLIO,41,0.7149050083863038,5.009382238777824,-4.29447723039152,2.432424799792565,0.5365853658536586,0.02169658536585365,0.47502741580602487,41,0
dual_momentum_180,rotation,monthly,PORTFOLIO,26,1.8804838421423953,5.453377046854254,-3.572893204711859,5.216948540856864,0.46153846153846156,0.05184461538461539,0.2152519936129119,26,0
